[{"model": "cards.trait", "pk": 1, "fields": {"name": "Edict"}}, {"model": "cards.trait", "pk": 2, "fields": {"name": "Raider"}}, {"model": "cards.trait", "pk": 3, "fields": {"name": "Wildling"}}, {"model": "cards.trait", "pk": 4, "fields": {"name": "Noble"}}, {"model": "cards.trait", "pk": 5, "fields": {"name": "Scheme"}}, {"model": "cards.trait", "pk": 6, "fields": {"name": "Kingdom"}}, {"model": "cards.trait", "pk": 7, "fields": {"name": "War"}}, {"model": "cards.trait", "pk": 8, "fields": {"name": "Summer"}}, {"model": "cards.trait", "pk": 9, "fields": {"name": "Siege"}}, {"model": "cards.trait", "pk": 10, "fields": {"name": "Ally"}}, {"model": "cards.trait", "pk": 11, "fields": {"name": "Lord"}}, {"model": "cards.trait", "pk": 12, "fields": {"name": "Small Counsil"}}, {"model": "cards.trait", "pk": 13, "fields": {"name": "Spy"}}, {"model": "cards.trait", "pk": 14, "fields": {"name": "Item"}}, {"model": "cards.trait", "pk": 15, "fields": {"name": "Maester"}}, {"model": "cards.trait", "pk": 16, "fields": {"name": "Lady"}}, {"model": "cards.trait", "pk": 17, "fields": {"name": "Rhllor"}}, {"model": "cards.trait", "pk": 18, "fields": {"name": "King"}}, {"model": "cards.trait", "pk": 19, "fields": {"name": "Dragonstone"}}, {"model": "cards.trait", "pk": 20, "fields": {"name": "Kinds Landing"}}, {"model": "cards.trait", "pk": 21, "fields": {"name": "Drowned God"}}, {"model": "cards.trait", "pk": 22, "fields": {"name": "Ironborn"}}, {"model": "cards.trait", "pk": 23, "fields": {"name": "House Harlaw"}}, {"model": "cards.keyword", "pk": 1, "fields": {"name": "Limited"}}, {"model": "cards.challenge", "pk": 1, "fields": {"name": "MILITARY"}}, {"model": "cards.challenge", "pk": 2, "fields": {"name": "INTRIGUE"}}, {"model": "cards.challenge", "pk": 3, "fields": {"name": "POWER"}}, {"model": "cards.set", "pk": 1, "fields": {"name": "CORE"}}, {"model": "cards.type", "pk": 1, "fields": {"name": "PLOT"}}, {"model": "cards.type", "pk": 2, "fields": {"name": "CHARACTER"}}, {"model": "cards.type", "pk": 3, "fields": {"name": "ATTACHMENT"}}, {"model": "cards.type", "pk": 4, "fields": {"name": "EVENT"}}, {"model": "cards.type", "pk": 5, "fields": {"name": "LOCATION"}}, {"model": "cards.faction", "pk": 1, "fields": {"name": "NEUTRAL"}}, {"model": "cards.faction", "pk": 2, "fields": {"name": "BARATHEON"}}, {"model": "cards.faction", "pk": 3, "fields": {"name": "GREYJOY"}}, {"model": "cards.card", "pk": 1, "fields": {"db_id": "01015", "set": 1, "type": 1, "name": "Marched to the Wall", "faction": 1, "gold": 4, "str": 0, "initiative": 8, "claim": 1, "reserve": 5, "image_url": "https://thronesdb.com/bundles/cards/01015.png", "traits": [1], "keywords": [], "challenges": []}}, {"model": "cards.card", "pk": 2, "fields": {"db_id": "01030", "set": 1, "type": 2, "name": "Rattleshirt's Raiders", "faction": 1, "gold": 4, "str": 3, "initiative": 0, "claim": 0, "reserve": 0, "image_url": "https://thronesdb.com/bundles/cards/01030.png", "traits": [2, 3], "keywords": [], "challenges": [1]}}, {"model": "cards.card", "pk": 3, "fields": {"db_id": "01001", "set": 1, "type": 1, "name": "A Clash of Kings", "faction": 1, "gold": 4, "str": 0, "initiative": 9, "claim": 1, "reserve": 6, "image_url": "https://thronesdb.com/bundles/cards/01001.png", "traits": [4], "keywords": [], "challenges": []}}, {"model": "cards.card", "pk": 4, "fields": {"db_id": "01002", "set": 1, "type": 1, "name": "A Feast for Crows", "faction": 1, "gold": 6, "str": 0, "initiative": 1, "claim": 1, "reserve": 4, "image_url": "https://thronesdb.com/bundles/cards/01002.png", "traits": [1], "keywords": [], "challenges": []}}, {"model": "cards.card", "pk": 5, "fields": {"db_id": "01003", "set": 1, "type": 1, "name": "A Game of Thrones", "faction": 1, "gold": 4, "str": 0, "initiative": 2, "claim": 1, "reserve": 6, "image_url": "https://thronesdb.com/bundles/cards/01003.png", "traits": [5], "keywords": [], "challenges": []}}, {"model": "cards.card", "pk": 6, "fields": {"db_id": "01004", "set": 1, "type": 1, "name": "A Noble Cause", "faction": 1, "gold": 5, "str": 0, "initiative": 0, "claim": 1, "reserve": 6, "image_url": "https://thronesdb.com/bundles/cards/01004.png", "traits": [6, 4], "keywords": [], "challenges": []}}, {"model": "cards.card", "pk": 7, "fields": {"db_id": "01005", "set": 1, "type": 1, "name": "A Storm of Swords", "faction": 1, "gold": 3, "str": 0, "initiative": 8, "claim": 1, "reserve": 5, "image_url": "https://thronesdb.com/bundles/cards/01005.png", "traits": [7], "keywords": [], "challenges": []}}, {"model": "cards.card", "pk": 8, "fields": {"db_id": "01006", "set": 1, "type": 1, "name": "Building Orders", "faction": 1, "gold": 4, "str": 0, "initiative": 1, "claim": 1, "reserve": 7, "image_url": "https://thronesdb.com/bundles/cards/01006.png", "traits": [6], "keywords": [], "challenges": []}}, {"model": "cards.card", "pk": 9, "fields": {"db_id": "01007", "set": 1, "type": 1, "name": "Calling the Banners", "faction": 1, "gold": 3, "str": 0, "initiative": 6, "claim": 1, "reserve": 6, "image_url": "https://thronesdb.com/bundles/cards/01007.png", "traits": [6], "keywords": [], "challenges": []}}, {"model": "cards.card", "pk": 10, "fields": {"db_id": "01008", "set": 1, "type": 1, "name": "Calm Over Westeros", "faction": 1, "gold": 5, "str": 0, "initiative": 3, "claim": 1, "reserve": 6, "image_url": "https://thronesdb.com/bundles/cards/01008.png", "traits": [8], "keywords": [], "challenges": []}}, {"model": "cards.card", "pk": 11, "fields": {"db_id": "01009", "set": 1, "type": 1, "name": "Confiscation", "faction": 1, "gold": 4, "str": 0, "initiative": 5, "claim": 1, "reserve": 6, "image_url": "https://thronesdb.com/bundles/cards/01009.png", "traits": [1], "keywords": [], "challenges": []}}, {"model": "cards.card", "pk": 12, "fields": {"db_id": "01010", "set": 1, "type": 1, "name": "Counting Coppers", "faction": 1, "gold": 2, "str": 0, "initiative": 3, "claim": 1, "reserve": 10, "image_url": "https://thronesdb.com/bundles/cards/01010.png", "traits": [6], "keywords": [], "challenges": []}}, {"model": "cards.card", "pk": 13, "fields": {"db_id": "01011", "set": 1, "type": 1, "name": "Filthy Accusations", "faction": 1, "gold": 4, "str": 0, "initiative": 4, "claim": 1, "reserve": 6, "image_url": "https://thronesdb.com/bundles/cards/01011.png", "traits": [5], "keywords": [], "challenges": []}}, {"model": "cards.card", "pk": 14, "fields": {"db_id": "01012", "set": 1, "type": 1, "name": "Fortified Position", "faction": 1, "gold": 5, "str": 0, "initiative": 1, "claim": 1, "reserve": 5, "image_url": "https://thronesdb.com/bundles/cards/01012.png", "traits": [9, 7], "keywords": [], "challenges": []}}, {"model": "cards.card", "pk": 15, "fields": {"db_id": "01013", "set": 1, "type": 1, "name": "Heads on Spikes", "faction": 1, "gold": 4, "str": 0, "initiative": 6, "claim": 1, "reserve": 6, "image_url": "https://thronesdb.com/bundles/cards/01013.png", "traits": [1, 7], "keywords": [], "challenges": []}}, {"model": "cards.card", "pk": 16, "fields": {"db_id": "01014", "set": 1, "type": 1, "name": "Jousting Contest", "faction": 1, "gold": 4, "str": 0, "initiative": 3, "claim": 1, "reserve": 6, "image_url": "https://thronesdb.com/bundles/cards/01014.png", "traits": [7], "keywords": [], "challenges": []}}, {"model": "cards.card", "pk": 17, "fields": {"db_id": "01016", "set": 1, "type": 1, "name": "Marching Orders", "faction": 1, "gold": 9, "str": 0, "initiative": 3, "claim": 1, "reserve": 4, "image_url": "https://thronesdb.com/bundles/cards/01016.png", "traits": [1, 7], "keywords": [], "challenges": []}}, {"model": "cards.card", "pk": 18, "fields": {"db_id": "01028", "set": 1, "type": 2, "name": "Littlefinger", "faction": 1, "gold": 5, "str": 4, "initiative": 0, "claim": 0, "reserve": 0, "image_url": "https://thronesdb.com/bundles/cards/01028.png", "traits": [10, 11, 12], "keywords": [], "challenges": [2, 3]}}, {"model": "cards.card", "pk": 19, "fields": {"db_id": "01029", "set": 1, "type": 2, "name": "Varys", "faction": 1, "gold": 6, "str": 3, "initiative": 0, "claim": 0, "reserve": 0, "image_url": "https://thronesdb.com/bundles/cards/01029.png", "traits": [11, 12, 13], "keywords": [], "challenges": [2]}}, {"model": "cards.card", "pk": 20, "fields": {"db_id": "01032", "set": 1, "type": 3, "name": "Seal of the Hand", "faction": 1, "gold": 3, "str": 0, "initiative": 0, "claim": 0, "reserve": 0, "image_url": "https://thronesdb.com/bundles/cards/01032.png", "traits": [14], "keywords": [], "challenges": []}}, {"model": "cards.card", "pk": 21, "fields": {"db_id": "01041", "set": 1, "type": 4, "name": "Put to the Sword", "faction": 1, "gold": 2, "str": 0, "initiative": 0, "claim": 0, "reserve": 0, "image_url": "https://thronesdb.com/bundles/cards/01041.png", "traits": [], "keywords": [], "challenges": []}}, {"model": "cards.card", "pk": 22, "fields": {"db_id": "01042", "set": 1, "type": 4, "name": "Put to the Torch", "faction": 1, "gold": 1, "str": 0, "initiative": 0, "claim": 0, "reserve": 0, "image_url": "https://thronesdb.com/bundles/cards/01042.png", "traits": [], "keywords": [], "challenges": []}}, {"model": "cards.card", "pk": 23, "fields": {"db_id": "01043", "set": 1, "type": 4, "name": "Superior Claim", "faction": 1, "gold": 0, "str": 0, "initiative": 0, "claim": 0, "reserve": 0, "image_url": "https://thronesdb.com/bundles/cards/01043.png", "traits": [], "keywords": [], "challenges": []}}, {"model": "cards.card", "pk": 24, "fields": {"db_id": "01046", "set": 1, "type": 2, "name": "Maester Cressen", "faction": 2, "gold": 3, "str": 3, "initiative": 0, "claim": 0, "reserve": 0, "image_url": "https://thronesdb.com/bundles/cards/01046.png", "traits": [15], "keywords": [], "challenges": [3]}}, {"model": "cards.card", "pk": 25, "fields": {"db_id": "01047", "set": 1, "type": 2, "name": "Melisandre", "faction": 2, "gold": 5, "str": 4, "initiative": 0, "claim": 0, "reserve": 0, "image_url": "https://thronesdb.com/bundles/cards/01047.png", "traits": [16, 17], "keywords": [], "challenges": [2, 3]}}, {"model": "cards.card", "pk": 26, "fields": {"db_id": "01048", "set": 1, "type": 2, "name": "Robert Baratheon", "faction": 2, "gold": 7, "str": 5, "initiative": 0, "claim": 0, "reserve": 0, "image_url": "https://thronesdb.com/bundles/cards/01048.png", "traits": [18, 11], "keywords": [], "challenges": [1, 3]}}, {"model": "cards.card", "pk": 27, "fields": {"db_id": "01059", "set": 1, "type": 5, "name": "Dragonstone Port", "faction": 2, "gold": 0, "str": 0, "initiative": 0, "claim": 0, "reserve": 0, "image_url": "https://thronesdb.com/bundles/cards/01059.png", "traits": [19], "keywords": [1], "challenges": []}}, {"model": "cards.card", "pk": 28, "fields": {"db_id": "01060", "set": 1, "type": 5, "name": "Chamber of the Painted Table", "faction": 2, "gold": 2, "str": 0, "initiative": 0, "claim": 0, "reserve": 0, "image_url": "https://thronesdb.com/bundles/cards/01060.png", "traits": [19], "keywords": [], "challenges": []}}, {"model": "cards.card", "pk": 29, "fields": {"db_id": "01061", "set": 1, "type": 5, "name": "The Red Keep", "faction": 2, "gold": 3, "str": 0, "initiative": 0, "claim": 0, "reserve": 0, "image_url": "https://thronesdb.com/bundles/cards/01061.png", "traits": [20], "keywords": [], "challenges": []}}, {"model": "cards.card", "pk": 30, "fields": {"db_id": "01065", "set": 1, "type": 2, "name": "Aeron Damphair", "faction": 3, "gold": 3, "str": 0, "initiative": 0, "claim": 0, "reserve": 0, "image_url": "https://thronesdb.com/bundles/cards/01065.png", "traits": [21, 22, 11], "keywords": [], "challenges": [3]}}, {"model": "cards.card", "pk": 31, "fields": {"db_id": "01066", "set": 1, "type": 2, "name": "Alannys Greyjoy", "faction": 3, "gold": 3, "str": 0, "initiative": 0, "claim": 0, "reserve": 0, "image_url": "https://thronesdb.com/bundles/cards/01066.png", "traits": [23, 16], "keywords": [], "challenges": [2, 3]}}, {"model": "contenttypes.contenttype", "pk": 1, "fields": {"app_label": "admin", "model": "logentry"}}, {"model": "contenttypes.contenttype", "pk": 2, "fields": {"app_label": "auth", "model": "user"}}, {"model": "contenttypes.contenttype", "pk": 3, "fields": {"app_label": "auth", "model": "group"}}, {"model": "contenttypes.contenttype", "pk": 4, "fields": {"app_label": "auth", "model": "permission"}}, {"model": "contenttypes.contenttype", "pk": 5, "fields": {"app_label": "contenttypes", "model": "contenttype"}}, {"model": "contenttypes.contenttype", "pk": 6, "fields": {"app_label": "sessions", "model": "session"}}, {"model": "contenttypes.contenttype", "pk": 7, "fields": {"app_label": "cards", "model": "challenge"}}, {"model": "contenttypes.contenttype", "pk": 8, "fields": {"app_label": "cards", "model": "trait"}}, {"model": "contenttypes.contenttype", "pk": 9, "fields": {"app_label": "cards", "model": "card"}}, {"model": "contenttypes.contenttype", "pk": 10, "fields": {"app_label": "cards", "model": "set"}}, {"model": "contenttypes.contenttype", "pk": 11, "fields": {"app_label": "cards", "model": "type"}}, {"model": "contenttypes.contenttype", "pk": 12, "fields": {"app_label": "cards", "model": "faction"}}, {"model": "contenttypes.contenttype", "pk": 13, "fields": {"app_label": "cards", "model": "keyword"}}, {"model": "sessions.session", "pk": "odqzhauidho0l1c09y1hljtfm87s9j65", "fields": {"session_data": "YTlhOWJhNTk3YWRiOGNmNDM2YWI4YzZkNTZiYjJkY2YzMDA2YzAxNDp7Il9hdXRoX3VzZXJfaWQiOiIxIiwiX2F1dGhfdXNlcl9iYWNrZW5kIjoiZGphbmdvLmNvbnRyaWIuYXV0aC5iYWNrZW5kcy5Nb2RlbEJhY2tlbmQiLCJfYXV0aF91c2VyX2hhc2giOiI2NWM2OWFjMDg1NjlhNGYxYzU0YjZiM2IwYmU5ODdiNDNiNTQyMzNlIn0=", "expire_date": "2017-12-08T09:02:40.239Z"}}, {"model": "auth.permission", "pk": 1, "fields": {"name": "Can add log entry", "content_type": 1, "codename": "add_logentry"}}, {"model": "auth.permission", "pk": 2, "fields": {"name": "Can change log entry", "content_type": 1, "codename": "change_logentry"}}, {"model": "auth.permission", "pk": 3, "fields": {"name": "Can delete log entry", "content_type": 1, "codename": "delete_logentry"}}, {"model": "auth.permission", "pk": 4, "fields": {"name": "Can add user", "content_type": 2, "codename": "add_user"}}, {"model": "auth.permission", "pk": 5, "fields": {"name": "Can change user", "content_type": 2, "codename": "change_user"}}, {"model": "auth.permission", "pk": 6, "fields": {"name": "Can delete user", "content_type": 2, "codename": "delete_user"}}, {"model": "auth.permission", "pk": 7, "fields": {"name": "Can add group", "content_type": 3, "codename": "add_group"}}, {"model": "auth.permission", "pk": 8, "fields": {"name": "Can change group", "content_type": 3, "codename": "change_group"}}, {"model": "auth.permission", "pk": 9, "fields": {"name": "Can delete group", "content_type": 3, "codename": "delete_group"}}, {"model": "auth.permission", "pk": 10, "fields": {"name": "Can add permission", "content_type": 4, "codename": "add_permission"}}, {"model": "auth.permission", "pk": 11, "fields": {"name": "Can change permission", "content_type": 4, "codename": "change_permission"}}, {"model": "auth.permission", "pk": 12, "fields": {"name": "Can delete permission", "content_type": 4, "codename": "delete_permission"}}, {"model": "auth.permission", "pk": 13, "fields": {"name": "Can add content type", "content_type": 5, "codename": "add_contenttype"}}, {"model": "auth.permission", "pk": 14, "fields": {"name": "Can change content type", "content_type": 5, "codename": "change_contenttype"}}, {"model": "auth.permission", "pk": 15, "fields": {"name": "Can delete content type", "content_type": 5, "codename": "delete_contenttype"}}, {"model": "auth.permission", "pk": 16, "fields": {"name": "Can add session", "content_type": 6, "codename": "add_session"}}, {"model": "auth.permission", "pk": 17, "fields": {"name": "Can change session", "content_type": 6, "codename": "change_session"}}, {"model": "auth.permission", "pk": 18, "fields": {"name": "Can delete session", "content_type": 6, "codename": "delete_session"}}, {"model": "auth.permission", "pk": 19, "fields": {"name": "Can add challenge", "content_type": 7, "codename": "add_challenge"}}, {"model": "auth.permission", "pk": 20, "fields": {"name": "Can change challenge", "content_type": 7, "codename": "change_challenge"}}, {"model": "auth.permission", "pk": 21, "fields": {"name": "Can delete challenge", "content_type": 7, "codename": "delete_challenge"}}, {"model": "auth.permission", "pk": 22, "fields": {"name": "Can add trait", "content_type": 8, "codename": "add_trait"}}, {"model": "auth.permission", "pk": 23, "fields": {"name": "Can change trait", "content_type": 8, "codename": "change_trait"}}, {"model": "auth.permission", "pk": 24, "fields": {"name": "Can delete trait", "content_type": 8, "codename": "delete_trait"}}, {"model": "auth.permission", "pk": 25, "fields": {"name": "Can add card", "content_type": 9, "codename": "add_card"}}, {"model": "auth.permission", "pk": 26, "fields": {"name": "Can change card", "content_type": 9, "codename": "change_card"}}, {"model": "auth.permission", "pk": 27, "fields": {"name": "Can delete card", "content_type": 9, "codename": "delete_card"}}, {"model": "auth.permission", "pk": 28, "fields": {"name": "Can add set", "content_type": 10, "codename": "add_set"}}, {"model": "auth.permission", "pk": 29, "fields": {"name": "Can change set", "content_type": 10, "codename": "change_set"}}, {"model": "auth.permission", "pk": 30, "fields": {"name": "Can delete set", "content_type": 10, "codename": "delete_set"}}, {"model": "auth.permission", "pk": 31, "fields": {"name": "Can add type", "content_type": 11, "codename": "add_type"}}, {"model": "auth.permission", "pk": 32, "fields": {"name": "Can change type", "content_type": 11, "codename": "change_type"}}, {"model": "auth.permission", "pk": 33, "fields": {"name": "Can delete type", "content_type": 11, "codename": "delete_type"}}, {"model": "auth.permission", "pk": 34, "fields": {"name": "Can add faction", "content_type": 12, "codename": "add_faction"}}, {"model": "auth.permission", "pk": 35, "fields": {"name": "Can change faction", "content_type": 12, "codename": "change_faction"}}, {"model": "auth.permission", "pk": 36, "fields": {"name": "Can delete faction", "content_type": 12, "codename": "delete_faction"}}, {"model": "auth.permission", "pk": 37, "fields": {"name": "Can add keyword", "content_type": 13, "codename": "add_keyword"}}, {"model": "auth.permission", "pk": 38, "fields": {"name": "Can change keyword", "content_type": 13, "codename": "change_keyword"}}, {"model": "auth.permission", "pk": 39, "fields": {"name": "Can delete keyword", "content_type": 13, "codename": "delete_keyword"}}, {"model": "auth.user", "pk": 1, "fields": {"password": "pbkdf2_sha256$36000$LmrFlvZqPy3c$LUd3MYBRKwLiMhOo32z1h0tn1HlM972SXDpfvJs0NQ4=", "last_login": "2017-11-24T09:02:40.213Z", "is_superuser": true, "username": "admin", "first_name": "", "last_name": "", "email": "mc.flyer@gmail.com", "is_staff": true, "is_active": true, "date_joined": "2017-11-22T12:21:45.713Z", "groups": [], "user_permissions": []}}, {"model": "auth.user", "pk": 2, "fields": {"password": "pbkdf2_sha256$36000$z0irJkT7kgzZ$VwkTG9RLcA052dv5g3aiCI/wR1vi2/Fc6tJfuyWA78M=", "last_login": null, "is_superuser": false, "username": "firstUser", "first_name": "", "last_name": "", "email": "", "is_staff": false, "is_active": true, "date_joined": "2017-11-23T13:53:38.198Z", "groups": [], "user_permissions": []}}, {"model": "auth.user", "pk": 3, "fields": {"password": "pbkdf2_sha256$36000$1C87O2G4wLQa$UEftJ7DkiVw2hRbuYCKLFkwWhro9AXZEAv4FAtHk3+k=", "last_login": null, "is_superuser": false, "username": "secondUser", "first_name": "", "last_name": "", "email": "", "is_staff": false, "is_active": true, "date_joined": "2017-11-23T13:54:05.197Z", "groups": [], "user_permissions": []}}, {"model": "admin.logentry", "pk": 1, "fields": {"action_time": "2017-11-23T13:53:38.353Z", "user": 1, "content_type": 2, "object_id": "2", "object_repr": "firstUser", "action_flag": 1, "change_message": "[{\"added\": {}}]"}}, {"model": "admin.logentry", "pk": 2, "fields": {"action_time": "2017-11-23T13:54:05.451Z", "user": 1, "content_type": 2, "object_id": "3", "object_repr": "secondUser", "action_flag": 1, "change_message": "[{\"added\": {}}]"}}, {"model": "admin.logentry", "pk": 3, "fields": {"action_time": "2017-11-23T15:35:00.730Z", "user": 1, "content_type": 7, "object_id": "1", "object_repr": "MILITARY", "action_flag": 1, "change_message": "[{\"added\": {}}]"}}, {"model": "admin.logentry", "pk": 4, "fields": {"action_time": "2017-11-23T15:35:19.513Z", "user": 1, "content_type": 7, "object_id": "2", "object_repr": "INTRIGUE", "action_flag": 1, "change_message": "[{\"added\": {}}]"}}, {"model": "admin.logentry", "pk": 5, "fields": {"action_time": "2017-11-23T15:35:26.170Z", "user": 1, "content_type": 7, "object_id": "3", "object_repr": "POWER", "action_flag": 1, "change_message": "[{\"added\": {}}]"}}, {"model": "admin.logentry", "pk": 6, "fields": {"action_time": "2017-11-23T15:35:38.476Z", "user": 1, "content_type": 8, "object_id": "1", "object_repr": "Maester", "action_flag": 1, "change_message": "[{\"added\": {}}]"}}, {"model": "admin.logentry", "pk": 7, "fields": {"action_time": "2017-11-23T15:35:54.518Z", "user": 1, "content_type": 8, "object_id": "2", "object_repr": "Noble", "action_flag": 1, "change_message": "[{\"added\": {}}]"}}, {"model": "admin.logentry", "pk": 8, "fields": {"action_time": "2017-11-23T15:36:02.686Z", "user": 1, "content_type": 8, "object_id": "3", "object_repr": "Edict", "action_flag": 1, "change_message": "[{\"added\": {}}]"}}, {"model": "admin.logentry", "pk": 9, "fields": {"action_time": "2017-11-23T15:36:11.027Z", "user": 1, "content_type": 8, "object_id": "4", "object_repr": "Scheme", "action_flag": 1, "change_message": "[{\"added\": {}}]"}}, {"model": "admin.logentry", "pk": 10, "fields": {"action_time": "2017-11-23T15:36:17.794Z", "user": 1, "content_type": 8, "object_id": "5", "object_repr": "Kingdom", "action_flag": 1, "change_message": "[{\"added\": {}}]"}}, {"model": "admin.logentry", "pk": 11, "fields": {"action_time": "2017-11-23T15:36:24.382Z", "user": 1, "content_type": 8, "object_id": "6", "object_repr": "War", "action_flag": 1, "change_message": "[{\"added\": {}}]"}}, {"model": "admin.logentry", "pk": 12, "fields": {"action_time": "2017-11-23T15:46:13.125Z", "user": 1, "content_type": 7, "object_id": "1", "object_repr": "MILITARY", "action_flag": 1, "change_message": "[{\"added\": {}}]"}}, {"model": "admin.logentry", "pk": 13, "fields": {"action_time": "2017-11-23T15:46:26.880Z", "user": 1, "content_type": 7, "object_id": "2", "object_repr": "INTRIGUE", "action_flag": 1, "change_message": "[{\"added\": {}}]"}}, {"model": "admin.logentry", "pk": 14, "fields": {"action_time": "2017-11-23T15:46:34.806Z", "user": 1, "content_type": 7, "object_id": "3", "object_repr": "POWER", "action_flag": 1, "change_message": "[{\"added\": {}}]"}}, {"model": "admin.logentry", "pk": 15, "fields": {"action_time": "2017-11-23T15:46:46.349Z", "user": 1, "content_type": 10, "object_id": "1", "object_repr": "CORE", "action_flag": 1, "change_message": "[{\"added\": {}}]"}}, {"model": "admin.logentry", "pk": 16, "fields": {"action_time": "2017-11-23T15:47:22.228Z", "user": 1, "content_type": 11, "object_id": "1", "object_repr": "PLOT", "action_flag": 1, "change_message": "[{\"added\": {}}]"}}, {"model": "admin.logentry", "pk": 17, "fields": {"action_time": "2017-11-23T15:47:40.263Z", "user": 1, "content_type": 12, "object_id": "1", "object_repr": "NEUTRAL", "action_flag": 1, "change_message": "[{\"added\": {}}]"}}, {"model": "admin.logentry", "pk": 18, "fields": {"action_time": "2017-11-23T15:47:49.798Z", "user": 1, "content_type": 8, "object_id": "1", "object_repr": "Noble", "action_flag": 1, "change_message": "[{\"added\": {}}]"}}, {"model": "admin.logentry", "pk": 19, "fields": {"action_time": "2017-11-23T15:51:21.295Z", "user": 1, "content_type": 10, "object_id": "2", "object_repr": "CORE", "action_flag": 1, "change_message": "[{\"added\": {}}]"}}, {"model": "admin.logentry", "pk": 20, "fields": {"action_time": "2017-11-23T15:52:47.326Z", "user": 1, "content_type": 10, "object_id": "1", "object_repr": "CORE", "action_flag": 1, "change_message": "[{\"added\": {}}]"}}, {"model": "admin.logentry", "pk": 21, "fields": {"action_time": "2017-11-23T15:52:56.249Z", "user": 1, "content_type": 11, "object_id": "1", "object_repr": "PLOT", "action_flag": 1, "change_message": "[{\"added\": {}}]"}}, {"model": "admin.logentry", "pk": 22, "fields": {"action_time": "2017-11-23T15:53:08.823Z", "user": 1, "content_type": 12, "object_id": "1", "object_repr": "NEUTRAL", "action_flag": 1, "change_message": "[{\"added\": {}}]"}}, {"model": "admin.logentry", "pk": 23, "fields": {"action_time": "2017-11-23T15:53:21.909Z", "user": 1, "content_type": 8, "object_id": "1", "object_repr": "Noble", "action_flag": 1, "change_message": "[{\"added\": {}}]"}}, {"model": "admin.logentry", "pk": 24, "fields": {"action_time": "2017-11-23T15:53:49.331Z", "user": 1, "content_type": 9, "object_id": "1", "object_repr": "A Clash of Kings", "action_flag": 1, "change_message": "[{\"added\": {}}]"}}, {"model": "admin.logentry", "pk": 25, "fields": {"action_time": "2017-11-23T15:57:29.757Z", "user": 1, "content_type": 11, "object_id": "2", "object_repr": "CHARACTER", "action_flag": 1, "change_message": "[{\"added\": {}}]"}}, {"model": "admin.logentry", "pk": 26, "fields": {"action_time": "2017-11-23T15:57:51.365Z", "user": 1, "content_type": 8, "object_id": "2", "object_repr": "Ally", "action_flag": 1, "change_message": "[{\"added\": {}}]"}}, {"model": "admin.logentry", "pk": 27, "fields": {"action_time": "2017-11-23T15:57:59.341Z", "user": 1, "content_type": 8, "object_id": "3", "object_repr": "Lord", "action_flag": 1, "change_message": "[{\"added\": {}}]"}}, {"model": "admin.logentry", "pk": 28, "fields": {"action_time": "2017-11-23T15:58:11.583Z", "user": 1, "content_type": 8, "object_id": "4", "object_repr": "Small Counsil", "action_flag": 1, "change_message": "[{\"added\": {}}]"}}, {"model": "admin.logentry", "pk": 29, "fields": {"action_time": "2017-11-23T15:58:42.392Z", "user": 1, "content_type": 7, "object_id": "1", "object_repr": "INTRIGUE", "action_flag": 1, "change_message": "[{\"added\": {}}]"}}, {"model": "admin.logentry", "pk": 30, "fields": {"action_time": "2017-11-23T15:58:50.071Z", "user": 1, "content_type": 7, "object_id": "2", "object_repr": "POWER", "action_flag": 1, "change_message": "[{\"added\": {}}]"}}, {"model": "admin.logentry", "pk": 31, "fields": {"action_time": "2017-11-23T15:59:03.301Z", "user": 1, "content_type": 9, "object_id": "2", "object_repr": "Littlefinger", "action_flag": 1, "change_message": "[{\"added\": {}}]"}}, {"model": "admin.logentry", "pk": 32, "fields": {"action_time": "2017-11-23T16:07:53.007Z", "user": 1, "content_type": 10, "object_id": "1", "object_repr": "CORE", "action_flag": 1, "change_message": "[{\"added\": {}}]"}}, {"model": "admin.logentry", "pk": 33, "fields": {"action_time": "2017-11-24T08:46:54.339Z", "user": 1, "content_type": 11, "object_id": "1", "object_repr": "PLOT", "action_flag": 1, "change_message": "[{\"added\": {}}]"}}, {"model": "admin.logentry", "pk": 34, "fields": {"action_time": "2017-11-24T08:47:08.941Z", "user": 1, "content_type": 12, "object_id": "1", "object_repr": "NEUTRAL", "action_flag": 1, "change_message": "[{\"added\": {}}]"}}, {"model": "admin.logentry", "pk": 35, "fields": {"action_time": "2017-11-24T08:47:28.408Z", "user": 1, "content_type": 8, "object_id": "1", "object_repr": "Edict", "action_flag": 1, "change_message": "[{\"added\": {}}]"}}, {"model": "admin.logentry", "pk": 36, "fields": {"action_time": "2017-11-24T08:47:52.335Z", "user": 1, "content_type": 9, "object_id": "1", "object_repr": "Marched to the Wall", "action_flag": 1, "change_message": "[{\"added\": {}}]"}}, {"model": "admin.logentry", "pk": 37, "fields": {"action_time": "2017-11-24T09:48:06.554Z", "user": 1, "content_type": 11, "object_id": "2", "object_repr": "CHARACTER", "action_flag": 1, "change_message": "[{\"added\": {}}]"}}, {"model": "admin.logentry", "pk": 38, "fields": {"action_time": "2017-11-24T09:48:24.860Z", "user": 1, "content_type": 8, "object_id": "2", "object_repr": "Raider", "action_flag": 1, "change_message": "[{\"added\": {}}]"}}, {"model": "admin.logentry", "pk": 39, "fields": {"action_time": "2017-11-24T09:48:36.899Z", "user": 1, "content_type": 8, "object_id": "3", "object_repr": "Wildling", "action_flag": 1, "change_message": "[{\"added\": {}}]"}}, {"model": "admin.logentry", "pk": 40, "fields": {"action_time": "2017-11-24T09:48:58.861Z", "user": 1, "content_type": 7, "object_id": "1", "object_repr": "MILITARY", "action_flag": 1, "change_message": "[{\"added\": {}}]"}}, {"model": "admin.logentry", "pk": 41, "fields": {"action_time": "2017-11-24T09:49:18.599Z", "user": 1, "content_type": 9, "object_id": "2", "object_repr": "Rattleshirt's Raiders", "action_flag": 1, "change_message": "[{\"added\": {}}]"}}, {"model": "admin.logentry", "pk": 42, "fields": {"action_time": "2017-11-24T10:22:46.719Z", "user": 1, "content_type": 8, "object_id": "4", "object_repr": "Noble", "action_flag": 1, "change_message": "[{\"added\": {}}]"}}, {"model": "admin.logentry", "pk": 43, "fields": {"action_time": "2017-11-24T10:23:18.311Z", "user": 1, "content_type": 9, "object_id": "3", "object_repr": "A Clash of Kings", "action_flag": 1, "change_message": "[{\"added\": {}}]"}}, {"model": "admin.logentry", "pk": 44, "fields": {"action_time": "2017-11-24T10:23:55.583Z", "user": 1, "content_type": 9, "object_id": "4", "object_repr": "A Feast for Crows", "action_flag": 1, "change_message": "[{\"added\": {}}]"}}, {"model": "admin.logentry", "pk": 45, "fields": {"action_time": "2017-11-24T10:24:22.722Z", "user": 1, "content_type": 8, "object_id": "5", "object_repr": "Scheme", "action_flag": 1, "change_message": "[{\"added\": {}}]"}}, {"model": "admin.logentry", "pk": 46, "fields": {"action_time": "2017-11-24T10:24:43.588Z", "user": 1, "content_type": 9, "object_id": "5", "object_repr": "A Game of Thrones", "action_flag": 1, "change_message": "[{\"added\": {}}]"}}, {"model": "admin.logentry", "pk": 47, "fields": {"action_time": "2017-11-24T10:25:24.662Z", "user": 1, "content_type": 8, "object_id": "6", "object_repr": "Kingdom", "action_flag": 1, "change_message": "[{\"added\": {}}]"}}, {"model": "admin.logentry", "pk": 48, "fields": {"action_time": "2017-11-24T10:25:46.123Z", "user": 1, "content_type": 9, "object_id": "6", "object_repr": "A Noble Cause", "action_flag": 1, "change_message": "[{\"added\": {}}]"}}, {"model": "admin.logentry", "pk": 49, "fields": {"action_time": "2017-11-24T10:26:05.872Z", "user": 1, "content_type": 8, "object_id": "7", "object_repr": "War", "action_flag": 1, "change_message": "[{\"added\": {}}]"}}, {"model": "admin.logentry", "pk": 50, "fields": {"action_time": "2017-11-24T10:26:30.183Z", "user": 1, "content_type": 9, "object_id": "7", "object_repr": "A Storm of Swords", "action_flag": 1, "change_message": "[{\"added\": {}}]"}}, {"model": "admin.logentry", "pk": 51, "fields": {"action_time": "2017-11-24T10:27:08.318Z", "user": 1, "content_type": 9, "object_id": "8", "object_repr": "Building Orders", "action_flag": 1, "change_message": "[{\"added\": {}}]"}}, {"model": "admin.logentry", "pk": 52, "fields": {"action_time": "2017-11-24T10:28:00.662Z", "user": 1, "content_type": 9, "object_id": "9", "object_repr": "Calling the Banners", "action_flag": 1, "change_message": "[{\"added\": {}}]"}}, {"model": "admin.logentry", "pk": 53, "fields": {"action_time": "2017-11-24T10:28:26.084Z", "user": 1, "content_type": 8, "object_id": "8", "object_repr": "Summer", "action_flag": 1, "change_message": "[{\"added\": {}}]"}}, {"model": "admin.logentry", "pk": 54, "fields": {"action_time": "2017-11-24T10:28:44.960Z", "user": 1, "content_type": 9, "object_id": "10", "object_repr": "Calm Over Westeros", "action_flag": 1, "change_message": "[{\"added\": {}}]"}}, {"model": "admin.logentry", "pk": 55, "fields": {"action_time": "2017-11-24T10:29:32.553Z", "user": 1, "content_type": 9, "object_id": "11", "object_repr": "Confiscation", "action_flag": 1, "change_message": "[{\"added\": {}}]"}}, {"model": "admin.logentry", "pk": 56, "fields": {"action_time": "2017-11-24T10:30:08.817Z", "user": 1, "content_type": 9, "object_id": "12", "object_repr": "Counting Coppers", "action_flag": 1, "change_message": "[{\"added\": {}}]"}}, {"model": "admin.logentry", "pk": 57, "fields": {"action_time": "2017-11-24T10:30:38.843Z", "user": 1, "content_type": 9, "object_id": "13", "object_repr": "Filthy Accusations", "action_flag": 1, "change_message": "[{\"added\": {}}]"}}, {"model": "admin.logentry", "pk": 58, "fields": {"action_time": "2017-11-24T10:31:08.436Z", "user": 1, "content_type": 8, "object_id": "9", "object_repr": "Siege", "action_flag": 1, "change_message": "[{\"added\": {}}]"}}, {"model": "admin.logentry", "pk": 59, "fields": {"action_time": "2017-11-24T10:31:26.955Z", "user": 1, "content_type": 9, "object_id": "14", "object_repr": "Fortified Position", "action_flag": 1, "change_message": "[{\"added\": {}}]"}}, {"model": "admin.logentry", "pk": 60, "fields": {"action_time": "2017-11-24T10:31:58.200Z", "user": 1, "content_type": 9, "object_id": "15", "object_repr": "Heads on Spikes", "action_flag": 1, "change_message": "[{\"added\": {}}]"}}, {"model": "admin.logentry", "pk": 61, "fields": {"action_time": "2017-11-24T10:32:30.097Z", "user": 1, "content_type": 9, "object_id": "16", "object_repr": "Jousting Contest", "action_flag": 1, "change_message": "[{\"added\": {}}]"}}, {"model": "admin.logentry", "pk": 62, "fields": {"action_time": "2017-11-24T10:33:34.780Z", "user": 1, "content_type": 9, "object_id": "17", "object_repr": "Marching Orders", "action_flag": 1, "change_message": "[{\"added\": {}}]"}}, {"model": "admin.logentry", "pk": 63, "fields": {"action_time": "2017-11-24T10:34:38.991Z", "user": 1, "content_type": 8, "object_id": "10", "object_repr": "Ally", "action_flag": 1, "change_message": "[{\"added\": {}}]"}}, {"model": "admin.logentry", "pk": 64, "fields": {"action_time": "2017-11-24T10:34:48.244Z", "user": 1, "content_type": 8, "object_id": "11", "object_repr": "Lord", "action_flag": 1, "change_message": "[{\"added\": {}}]"}}, {"model": "admin.logentry", "pk": 65, "fields": {"action_time": "2017-11-24T10:35:03.674Z", "user": 1, "content_type": 8, "object_id": "12", "object_repr": "Small Counsil", "action_flag": 1, "change_message": "[{\"added\": {}}]"}}, {"model": "admin.logentry", "pk": 66, "fields": {"action_time": "2017-11-24T10:35:23.870Z", "user": 1, "content_type": 7, "object_id": "2", "object_repr": "INTRIGUE", "action_flag": 1, "change_message": "[{\"added\": {}}]"}}, {"model": "admin.logentry", "pk": 67, "fields": {"action_time": "2017-11-24T10:35:34.518Z", "user": 1, "content_type": 7, "object_id": "3", "object_repr": "POWER", "action_flag": 1, "change_message": "[{\"added\": {}}]"}}, {"model": "admin.logentry", "pk": 68, "fields": {"action_time": "2017-11-24T10:35:45.734Z", "user": 1, "content_type": 9, "object_id": "18", "object_repr": "Littlefinger", "action_flag": 1, "change_message": "[{\"added\": {}}]"}}, {"model": "admin.logentry", "pk": 69, "fields": {"action_time": "2017-11-24T10:36:10.783Z", "user": 1, "content_type": 8, "object_id": "13", "object_repr": "Spy", "action_flag": 1, "change_message": "[{\"added\": {}}]"}}, {"model": "admin.logentry", "pk": 70, "fields": {"action_time": "2017-11-24T10:36:39.208Z", "user": 1, "content_type": 9, "object_id": "19", "object_repr": "Varys", "action_flag": 1, "change_message": "[{\"added\": {}}]"}}, {"model": "admin.logentry", "pk": 71, "fields": {"action_time": "2017-11-24T10:36:56.294Z", "user": 1, "content_type": 11, "object_id": "3", "object_repr": "ATTACHMENT", "action_flag": 1, "change_message": "[{\"added\": {}}]"}}, {"model": "admin.logentry", "pk": 72, "fields": {"action_time": "2017-11-24T10:37:16.098Z", "user": 1, "content_type": 8, "object_id": "14", "object_repr": "Item", "action_flag": 1, "change_message": "[{\"added\": {}}]"}}, {"model": "admin.logentry", "pk": 73, "fields": {"action_time": "2017-11-24T10:37:33.746Z", "user": 1, "content_type": 9, "object_id": "20", "object_repr": "Seal of the Hand", "action_flag": 1, "change_message": "[{\"added\": {}}]"}}, {"model": "admin.logentry", "pk": 74, "fields": {"action_time": "2017-11-24T10:37:46.002Z", "user": 1, "content_type": 11, "object_id": "4", "object_repr": "EVENT", "action_flag": 1, "change_message": "[{\"added\": {}}]"}}, {"model": "admin.logentry", "pk": 75, "fields": {"action_time": "2017-11-24T10:38:08.251Z", "user": 1, "content_type": 9, "object_id": "21", "object_repr": "Put to the Sword", "action_flag": 1, "change_message": "[{\"added\": {}}]"}}, {"model": "admin.logentry", "pk": 76, "fields": {"action_time": "2017-11-24T10:38:34.203Z", "user": 1, "content_type": 9, "object_id": "22", "object_repr": "Put to the Torch", "action_flag": 1, "change_message": "[{\"added\": {}}]"}}, {"model": "admin.logentry", "pk": 77, "fields": {"action_time": "2017-11-24T10:38:58.513Z", "user": 1, "content_type": 9, "object_id": "23", "object_repr": "Superior Claim", "action_flag": 1, "change_message": "[{\"added\": {}}]"}}, {"model": "admin.logentry", "pk": 78, "fields": {"action_time": "2017-11-24T10:56:13.360Z", "user": 1, "content_type": 8, "object_id": "15", "object_repr": "Maester", "action_flag": 1, "change_message": "[{\"added\": {}}]"}}, {"model": "admin.logentry", "pk": 79, "fields": {"action_time": "2017-11-24T10:56:33.023Z", "user": 1, "content_type": 9, "object_id": "24", "object_repr": "Maester Cressen", "action_flag": 1, "change_message": "[{\"added\": {}}]"}}, {"model": "admin.logentry", "pk": 80, "fields": {"action_time": "2017-11-24T10:56:53.447Z", "user": 1, "content_type": 12, "object_id": "2", "object_repr": "BARATHEON", "action_flag": 1, "change_message": "[{\"added\": {}}]"}}, {"model": "admin.logentry", "pk": 81, "fields": {"action_time": "2017-11-24T10:57:06.524Z", "user": 1, "content_type": 8, "object_id": "16", "object_repr": "Lady", "action_flag": 1, "change_message": "[{\"added\": {}}]"}}, {"model": "admin.logentry", "pk": 82, "fields": {"action_time": "2017-11-24T10:57:16.064Z", "user": 1, "content_type": 8, "object_id": "17", "object_repr": "Rhllor", "action_flag": 1, "change_message": "[{\"added\": {}}]"}}, {"model": "admin.logentry", "pk": 83, "fields": {"action_time": "2017-11-24T10:57:39.248Z", "user": 1, "content_type": 9, "object_id": "25", "object_repr": "Melisandre", "action_flag": 1, "change_message": "[{\"added\": {}}]"}}, {"model": "admin.logentry", "pk": 84, "fields": {"action_time": "2017-11-24T10:58:00.336Z", "user": 1, "content_type": 9, "object_id": "24", "object_repr": "Maester Cressen", "action_flag": 2, "change_message": "[{\"changed\": {\"fields\": [\"faction\"]}}]"}}, {"model": "admin.logentry", "pk": 85, "fields": {"action_time": "2017-11-24T10:58:37.526Z", "user": 1, "content_type": 8, "object_id": "18", "object_repr": "King", "action_flag": 1, "change_message": "[{\"added\": {}}]"}}, {"model": "admin.logentry", "pk": 86, "fields": {"action_time": "2017-11-24T10:59:02.341Z", "user": 1, "content_type": 9, "object_id": "26", "object_repr": "Robert Baratheon", "action_flag": 1, "change_message": "[{\"added\": {}}]"}}, {"model": "admin.logentry", "pk": 87, "fields": {"action_time": "2017-11-24T10:59:19.156Z", "user": 1, "content_type": 11, "object_id": "5", "object_repr": "LOCATION", "action_flag": 1, "change_message": "[{\"added\": {}}]"}}, {"model": "admin.logentry", "pk": 88, "fields": {"action_time": "2017-11-24T10:59:44.308Z", "user": 1, "content_type": 8, "object_id": "19", "object_repr": "Dragonstone", "action_flag": 1, "change_message": "[{\"added\": {}}]"}}, {"model": "admin.logentry", "pk": 89, "fields": {"action_time": "2017-11-24T11:00:09.984Z", "user": 1, "content_type": 9, "object_id": "27", "object_repr": "Dragonstone Port", "action_flag": 1, "change_message": "[{\"added\": {}}]"}}, {"model": "admin.logentry", "pk": 90, "fields": {"action_time": "2017-11-24T11:06:00.821Z", "user": 1, "content_type": 13, "object_id": "1", "object_repr": "Limited", "action_flag": 1, "change_message": "[{\"added\": {}}]"}}, {"model": "admin.logentry", "pk": 91, "fields": {"action_time": "2017-11-24T11:06:08.243Z", "user": 1, "content_type": 9, "object_id": "27", "object_repr": "Dragonstone Port", "action_flag": 2, "change_message": "[{\"changed\": {\"fields\": [\"keywords\"]}}]"}}, {"model": "admin.logentry", "pk": 92, "fields": {"action_time": "2017-11-24T11:06:49.362Z", "user": 1, "content_type": 9, "object_id": "28", "object_repr": "Chamber of the Painted Table", "action_flag": 1, "change_message": "[{\"added\": {}}]"}}, {"model": "admin.logentry", "pk": 93, "fields": {"action_time": "2017-11-24T11:07:14.307Z", "user": 1, "content_type": 8, "object_id": "20", "object_repr": "Kinds Landing", "action_flag": 1, "change_message": "[{\"added\": {}}]"}}, {"model": "admin.logentry", "pk": 94, "fields": {"action_time": "2017-11-24T11:07:27.386Z", "user": 1, "content_type": 9, "object_id": "29", "object_repr": "The Red Keep", "action_flag": 1, "change_message": "[{\"added\": {}}]"}}, {"model": "admin.logentry", "pk": 95, "fields": {"action_time": "2017-11-24T11:07:40.705Z", "user": 1, "content_type": 12, "object_id": "3", "object_repr": "GREYJOY", "action_flag": 1, "change_message": "[{\"added\": {}}]"}}, {"model": "admin.logentry", "pk": 96, "fields": {"action_time": "2017-11-24T11:07:59.056Z", "user": 1, "content_type": 8, "object_id": "21", "object_repr": "Drowned God", "action_flag": 1, "change_message": "[{\"added\": {}}]"}}, {"model": "admin.logentry", "pk": 97, "fields": {"action_time": "2017-11-24T11:08:08.183Z", "user": 1, "content_type": 8, "object_id": "22", "object_repr": "Ironborn", "action_flag": 1, "change_message": "[{\"added\": {}}]"}}, {"model": "admin.logentry", "pk": 98, "fields": {"action_time": "2017-11-24T11:08:25.981Z", "user": 1, "content_type": 9, "object_id": "30", "object_repr": "Aeron Damphair", "action_flag": 1, "change_message": "[{\"added\": {}}]"}}, {"model": "admin.logentry", "pk": 99, "fields": {"action_time": "2017-11-24T11:08:48.466Z", "user": 1, "content_type": 8, "object_id": "23", "object_repr": "House Harlaw", "action_flag": 1, "change_message": "[{\"added\": {}}]"}}, {"model": "admin.logentry", "pk": 100, "fields": {"action_time": "2017-11-24T11:09:07.466Z", "user": 1, "content_type": 9, "object_id": "31", "object_repr": "Alannys Greyjoy", "action_flag": 1, "change_message": "[{\"added\": {}}]"}}]